epoch,loss,val_loss
0,0.000843693211209029,0.0007616236689500511
