Epoch,Train Loss,Val Loss,L2 Loss,L2 Std,L2 Max Outlier
1,0.0003994,0.0007925,61.72,60.97,256
2,0.0002704,0.0007754,33.22,42.58,212.1
