Epoch,Train Loss,Val Loss,L2 Loss,L2 Std,L2 Max Outlier
1,0.0002753,0.0006958,10.56,11.07,69.3
2,0.0002173,0.0005607,9.084,14.47,98.99
