Epoch,Train Loss,Val Loss,L2 Loss,L2 Std,L2 Max Outlier
1,0.002152,0.0007987,51.96,52.41,220.6
2,0.000203,0.0007504,17.56,18.12,195.2
