epoch,loss,val_loss
0,0.0007937370683066547,0.000680771772749722
1,0.0006813154323026538,0.0005481549305841327
